FractionatedSampleID,SampleID,Run,BioProject
G1.SURF.NS.S02C1.15m.0_2um.A,G1.SURF.NS.S02C1.15m.A,SRR9139204,PRJNA492143
G1.SURF.NS.S02C1.15m.3um.A,G1.SURF.NS.S02C1.15m.A,SRR17562263,PRJNA492143
G1.SURF.NS.S02C1.15m.0_2um.B,G1.SURF.NS.S02C1.15m.B,SRR9139203,PRJNA492143
G1.SURF.NS.S02C1.15m.3um.B,G1.SURF.NS.S02C1.15m.B,SRR17562262,PRJNA492143
G1.SURF.NS.S02C1.15m.0_2um.C,G1.SURF.NS.S02C1.15m.C,SRR9139205,PRJNA492143
G1.SURF.NS.S02C1.15m.3um.C,G1.SURF.NS.S02C1.15m.C,SRR17562261,PRJNA492143
G1.SURF.NS.S04C1.15m.0_2um.A,G1.SURF.NS.S04C1.15m.A,SRR17562259,PRJNA492143
G1.SURF.NS.S04C1.15m.3um.A,G1.SURF.NS.S04C1.15m.A,SRR17562256,PRJNA492143
G1.SURF.NS.S04C1.15m.0_2um.B,G1.SURF.NS.S04C1.15m.B,SRR17562258,PRJNA492143
G1.SURF.NS.S04C1.15m.3um.B,G1.SURF.NS.S04C1.15m.B,SRR17562255,PRJNA492143
G1.SURF.NS.S04C1.15m.0_2um.C,G1.SURF.NS.S04C1.15m.C,SRR17562257,PRJNA492143
G1.SURF.NS.S04C1.15m.3um.C,G1.SURF.NS.S04C1.15m.C,SRR17562254,PRJNA492143
G1.SURF.NS.S06C1.15m.0_2um.A,G1.SURF.NS.S06C1.15m.A,SRR17562253,PRJNA492143
G1.SURF.NS.S06C1.15m.3um.A,G1.SURF.NS.S06C1.15m.A,SRR17562250,PRJNA492143
G1.SURF.NS.S06C1.15m.0_2um.C,G1.SURF.NS.S06C1.15m.C,SRR17562251,PRJNA492143
G1.SURF.NS.S06C1.15m.3um.C,G1.SURF.NS.S06C1.15m.C,SRR17562248,PRJNA492143
G1.SURF.NS.S08C1.15m.0_2um.A,G1.SURF.NS.S08C1.15m.A,SRR17562247,PRJNA492143
G1.SURF.NS.S08C1.15m.3um.A,G1.SURF.NS.S08C1.15m.A,SRR17562244,PRJNA492143
G1.SURF.NS.S08C1.15m.0_2um.B,G1.SURF.NS.S08C1.15m.B,SRR17562246,PRJNA492143
G1.SURF.NS.S08C1.15m.3um.B,G1.SURF.NS.S08C1.15m.B,SRR17562243,PRJNA492143
G1.SURF.NS.S08C1.15m.0_2um.C,G1.SURF.NS.S08C1.15m.C,SRR17562245,PRJNA492143
G1.SURF.NS.S08C1.15m.3um.C,G1.SURF.NS.S08C1.15m.C,SRR17562242,PRJNA492143
G1.SURF.NS.S09C1.15m.0_2um.A,G1.SURF.NS.S09C1.15m.A,SRR17562241,PRJNA492143
G1.SURF.NS.S09C1.15m.3um.A,G1.SURF.NS.S09C1.15m.A,SRR17562237,PRJNA492143
G1.SURF.NS.S09C1.15m.0_2um.B,G1.SURF.NS.S09C1.15m.B,SRR17562240,PRJNA492143
G1.SURF.NS.S09C1.15m.3um.B,G1.SURF.NS.S09C1.15m.B,SRR17562236,PRJNA492143
G1.SURF.NS.S09C1.15m.0_2um.C,G1.SURF.NS.S09C1.15m.C,SRR17562239,PRJNA492143
G1.SURF.NS.S09C1.15m.3um.C,G1.SURF.NS.S09C1.15m.C,SRR17562235,PRJNA492143
G1.SURF.NS.S11C1.15m.0_2um.B,G1.SURF.NS.S11C1.15m.B,SRR17562249,PRJNA492143
G1.SURF.NS.S11C1.15m.3um.B,G1.SURF.NS.S11C1.15m.B,SRR17562234,PRJNA492143
G1.SURF.NS.S12C1.15m.0_2um.A,G1.SURF.NS.S12C1.15m.A,SRR17562233,PRJNA492143
G1.SURF.NS.S12C1.15m.3um.A,G1.SURF.NS.S12C1.15m.A,SRR17562231,PRJNA492143
G1.SURF.NS.S12C1.15m.0_2um.B,G1.SURF.NS.S12C1.15m.B,SRR17562232,PRJNA492143
G1.SURF.NS.S12C1.15m.3um.B,G1.SURF.NS.S12C1.15m.B,SRR17562230,PRJNA492143
G1.SURF.NS.S13C1.15m.0_2um.A,G1.SURF.NS.S13C1.15m.A,SRR17562270,PRJNA492143
G1.SURF.NS.S13C1.15m.3um.A,G1.SURF.NS.S13C1.15m.A,SRR17562268,PRJNA492143
G1.SURF.NS.S13C1.15m.0_2um.B,G1.SURF.NS.S13C1.15m.B,SRR17562269,PRJNA492143
G1.SURF.NS.S13C1.15m.3um.B,G1.SURF.NS.S13C1.15m.B,SRR17562267,PRJNA492143
G1.SURF.NS.S14C1.15m.0_2um.A,G1.SURF.NS.S14C1.15m.A,SRR17562266,PRJNA492143
G1.SURF.NS.S14C1.15m.3um.A,G1.SURF.NS.S14C1.15m.A,SRR17562272,PRJNA492143
G1.SURF.NS.S14C1.15m.0_2um.B,G1.SURF.NS.S14C1.15m.B,SRR17562265,PRJNA492143
G1.SURF.NS.S14C1.15m.3um.B,G1.SURF.NS.S14C1.15m.B,SRR17562271,PRJNA492143
G1.SURF.NS.S14C1.15m.0_2um.C,G1.SURF.NS.S14C1.15m.C,SRR17562264,PRJNA492143
G1.SURF.NS.S14C1.15m.3um.C,G1.SURF.NS.S14C1.15m.C,SRR17562260,PRJNA492143
G2.BEXP1.NS.Ctrl.T96.0_2um.A,G2.BEXP1.NS.Ctrl.T96.A,SRR28359984,PRJNA1088528
G2.BEXP1.NS.Ctrl.T96.0_2um.B,G2.BEXP1.NS.Ctrl.T96.B,SRR28359983,PRJNA1088528
G2.BEXP1.NS.Ctrl.T96.0_2um.C,G2.BEXP1.NS.Ctrl.T96.C,SRR28359972,PRJNA1088528
G2.BEXP1.NS.DHPS.T96.0_2um.A,G2.BEXP1.NS.DHPS.T96.A,SRR28359961,PRJNA1088528
G2.BEXP1.NS.DHPS.T96.0_2um.B,G2.BEXP1.NS.DHPS.T96.B,SRR28359954,PRJNA1088528
G2.BEXP1.NS.DHPS.T96.0_2um.C,G2.BEXP1.NS.DHPS.T96.C,SRR28359953,PRJNA1088528
G2.BEXP1.NS.Ise.T96.0_2um.A,G2.BEXP1.NS.Ise.T96.A,SRR28359952,PRJNA1088528
G2.BEXP1.NS.Ise.T96.0_2um.B,G2.BEXP1.NS.Ise.T96.B,SRR28359951,PRJNA1088528
G2.BEXP1.NS.Ise.T96.0_2um.C,G2.BEXP1.NS.Ise.T96.C,SRR28359950,PRJNA1088528
G2.BEXP1.NS.Tau.T96.0_2um.A,G2.BEXP1.NS.Tau.T96.A,SRR28359949,PRJNA1088528
G2.BEXP1.NS.Tau.T96.0_2um.B,G2.BEXP1.NS.Tau.T96.B,SRR28359982,PRJNA1088528
G2.BEXP1.NS.Tau.T96.0_2um.C,G2.BEXP1.NS.Tau.T96.C,SRR28359981,PRJNA1088528
G2.BEXP2.NS.Ctrl.T96.0_2um.A,G2.BEXP2.NS.Ctrl.T96.A,SRR28359980,PRJNA1088528
G2.BEXP2.NS.Ctrl.T96.0_2um.B,G2.BEXP2.NS.Ctrl.T96.B,SRR28359979,PRJNA1088528
G2.BEXP2.NS.Ctrl.T96.0_2um.C,G2.BEXP2.NS.Ctrl.T96.C,SRR28359978,PRJNA1088528
G2.BEXP2.NS.DHPS.T96.0_2um.A,G2.BEXP2.NS.DHPS.T96.A,SRR28359977,PRJNA1088528
G2.BEXP2.NS.DHPS.T96.0_2um.B,G2.BEXP2.NS.DHPS.T96.B,SRR28359976,PRJNA1088528
G2.BEXP2.NS.DHPS.T96.0_2um.C,G2.BEXP2.NS.DHPS.T96.C,SRR28359975,PRJNA1088528
G2.BEXP2.NS.Ise.T96.0_2um.A,G2.BEXP2.NS.Ise.T96.A,SRR28359974,PRJNA1088528
G2.BEXP2.NS.Ise.T96.0_2um.B,G2.BEXP2.NS.Ise.T96.B,SRR28359973,PRJNA1088528
G2.BEXP2.NS.Ise.T96.0_2um.C,G2.BEXP2.NS.Ise.T96.C,SRR28359971,PRJNA1088528
G2.BEXP2.NS.Tau.T96.0_2um.A,G2.BEXP2.NS.Tau.T96.A,SRR28359970,PRJNA1088528
G2.BEXP2.NS.Tau.T96.0_2um.B,G2.BEXP2.NS.Tau.T96.B,SRR28359969,PRJNA1088528
G2.BEXP2.NS.Tau.T96.0_2um.C,G2.BEXP2.NS.Tau.T96.C,SRR28359968,PRJNA1088528
G2.BEXP3.NS.Ctrl.T96.0_2um.A,G2.BEXP3.NS.Ctrl.T96.A,SRR28359967,PRJNA1088528
G2.BEXP3.NS.Ctrl.T96.0_2um.B,G2.BEXP3.NS.Ctrl.T96.B,SRR28359966,PRJNA1088528
G2.BEXP3.NS.Ctrl.T96.0_2um.C,G2.BEXP3.NS.Ctrl.T96.C,SRR28359965,PRJNA1088528
G2.BEXP3.NS.DHPS.T96.0_2um.A,G2.BEXP3.NS.DHPS.T96.A,SRR28359964,PRJNA1088528
G2.BEXP3.NS.DHPS.T96.0_2um.B,G2.BEXP3.NS.DHPS.T96.B,SRR28359963,PRJNA1088528
G2.BEXP3.NS.DHPS.T96.0_2um.C,G2.BEXP3.NS.DHPS.T96.C,SRR28359962,PRJNA1088528
G2.BEXP3.NS.Ise.T96.0_2um.A,G2.BEXP3.NS.Ise.T96.A,SRR28359960,PRJNA1088528
G2.BEXP3.NS.Ise.T96.0_2um.B,G2.BEXP3.NS.Ise.T96.B,SRR28359959,PRJNA1088528
G2.BEXP3.NS.Ise.T96.0_2um.C,G2.BEXP3.NS.Ise.T96.C,SRR28359958,PRJNA1088528
G2.BEXP3.NS.Tau.T96.0_2um.A,G2.BEXP3.NS.Tau.T96.A,SRR28359957,PRJNA1088528
G2.BEXP3.NS.Tau.T96.0_2um.B,G2.BEXP3.NS.Tau.T96.B,SRR28359956,PRJNA1088528
G2.BEXP3.NS.Tau.T96.0_2um.C,G2.BEXP3.NS.Tau.T96.C,SRR28359955,PRJNA1088528
G2.DCM.NS.S11C2.50m.0_2um.A,G2.DCM.NS.S11C2.50m.A,SRR28398604,PRJNA1090086
G2.DCM.NS.S11C2.50m.3um.A,G2.DCM.NS.S11C2.50m.A,SRR28398592,PRJNA1090086
G2.DCM.NS.S15C2.56m.0_2um.A,G2.DCM.NS.S15C2.56m.A,SRR28398588,PRJNA1090086
G2.DCM.NS.S15C2.56m.3um.A,G2.DCM.NS.S15C2.56m.A,SRR28398585,PRJNA1090086
G2.DCM.NS.S15C2.56m.0_2um.B,G2.DCM.NS.S15C2.56m.B,SRR28398587,PRJNA1090086
G2.DCM.NS.S15C2.56m.3um.B,G2.DCM.NS.S15C2.56m.B,SRR28398584,PRJNA1090086
G2.DCM.NS.S15C2.56m.0_2um.C,G2.DCM.NS.S15C2.56m.C,SRR28398586,PRJNA1090086
G2.DCM.NS.S15C2.56m.3um.C,G2.DCM.NS.S15C2.56m.C,SRR28398583,PRJNA1090086
G2.DCM.NS.S17C3.87m.0_2um.A,G2.DCM.NS.S17C3.87m.A,SRR28398602,PRJNA1090086
G2.DCM.NS.S17C3.87m.3um.A,G2.DCM.NS.S17C3.87m.A,SRR28398599,PRJNA1090086
G2.DCM.NS.S17C3.87m.0_2um.B,G2.DCM.NS.S17C3.87m.B,SRR28398601,PRJNA1090086
G2.DCM.NS.S17C3.87m.3um.B,G2.DCM.NS.S17C3.87m.B,SRR28398598,PRJNA1090086
G2.DCM.NS.S17C3.87m.0_2um.C,G2.DCM.NS.S17C3.87m.C,SRR28398600,PRJNA1090086
G2.DCM.NS.S17C3.87m.3um.C,G2.DCM.NS.S17C3.87m.C,SRR28398597,PRJNA1090086
G2.DCM.NS.S18C2.95m.0_2um.A,G2.DCM.NS.S18C2.95m.A,SRR28398596,PRJNA1090086
G2.DCM.NS.S18C2.95m.3um.A,G2.DCM.NS.S18C2.95m.A,SRR28398593,PRJNA1090086
G2.DCM.NS.S18C2.95m.0_2um.B,G2.DCM.NS.S18C2.95m.B,SRR28398595,PRJNA1090086
G2.DCM.NS.S18C2.95m.3um.B,G2.DCM.NS.S18C2.95m.B,SRR28398591,PRJNA1090086
G2.DCM.NS.S18C2.95m.0_2um.C,G2.DCM.NS.S18C2.95m.C,SRR28398594,PRJNA1090086
G2.DCM.NS.S18C2.95m.3um.C,G2.DCM.NS.S18C2.95m.C,SRR28398590,PRJNA1090086
G2.REXP1.NS.Ctrl.T0.0_2um.B,G2.REXP1.NS.Ctrl.T0.B,SRR28397283,PRJNA1090042
G2.REXP1.NS.Ctrl.T0.3um.B,G2.REXP1.NS.Ctrl.T0.B,SRR28397281,PRJNA1090042
G2.REXP1.NS.Ctrl.T0.0_2um.C,G2.REXP1.NS.Ctrl.T0.C,SRR28397252,PRJNA1090042
G2.REXP1.NS.Ctrl.T0.3um.C,G2.REXP1.NS.Ctrl.T0.C,SRR28397270,PRJNA1090042
G2.REXP1.NS.Ctrl.T96.0_2um.B,G2.REXP1.NS.Ctrl.T96.B,SRR28397228,PRJNA1090042
G2.REXP1.NS.Ctrl.T96.3um.B,G2.REXP1.NS.Ctrl.T96.B,SRR28397212,PRJNA1090042
G2.REXP1.NS.Ctrl.T96.0_2um.C,G2.REXP1.NS.Ctrl.T96.C,SRR28397217,PRJNA1090042
G2.REXP1.NS.Ctrl.T96.3um.C,G2.REXP1.NS.Ctrl.T96.C,SRR28397211,PRJNA1090042
G2.REXP1.NS.HFe.T96.0_2um.A,G2.REXP1.NS.HFe.T96.A,SRR28397262,PRJNA1090042
G2.REXP1.NS.HFe.T96.3um.A,G2.REXP1.NS.HFe.T96.A,SRR28397260,PRJNA1090042
G2.REXP1.NS.HFe.T96.0_2um.C,G2.REXP1.NS.HFe.T96.C,SRR28397261,PRJNA1090042
G2.REXP1.NS.HFe.T96.3um.C,G2.REXP1.NS.HFe.T96.C,SRR28397258,PRJNA1090042
G2.REXP1.NS.LFe.T96.0_2um.A,G2.REXP1.NS.LFe.T96.A,SRR28397257,PRJNA1090042
G2.REXP1.NS.LFe.T96.3um.A,G2.REXP1.NS.LFe.T96.A,SRR28397254,PRJNA1090042
G2.REXP1.NS.LFe.T96.0_2um.C,G2.REXP1.NS.LFe.T96.C,SRR28397255,PRJNA1090042
G2.REXP1.NS.LFe.T96.3um.C,G2.REXP1.NS.LFe.T96.C,SRR28397253,PRJNA1090042
G2.REXP1.NS.NPFe.T96.0_2um.A,G2.REXP1.NS.NPFe.T96.A,SRR28397251,PRJNA1090042
G2.REXP1.NS.NPFe.T96.3um.A,G2.REXP1.NS.NPFe.T96.A,SRR28397248,PRJNA1090042
G2.REXP1.NS.NPFe.T96.0_2um.B,G2.REXP1.NS.NPFe.T96.B,SRR28397250,PRJNA1090042
G2.REXP1.NS.NPFe.T96.3um.B,G2.REXP1.NS.NPFe.T96.B,SRR28397247,PRJNA1090042
G2.REXP1.NS.NPFe.T96.0_2um.C,G2.REXP1.NS.NPFe.T96.C,SRR28397249,PRJNA1090042
G2.REXP1.NS.NPFe.T96.3um.C,G2.REXP1.NS.NPFe.T96.C,SRR28397246,PRJNA1090042
G2.REXP2.NS.Ctrl.T0.0_2um.A,G2.REXP2.NS.Ctrl.T0.A,SRR28397245,PRJNA1090042
G2.REXP2.NS.Ctrl.T0.3um.A,G2.REXP2.NS.Ctrl.T0.A,SRR28397282,PRJNA1090042
G2.REXP2.NS.Ctrl.T0.0_2um.B,G2.REXP2.NS.Ctrl.T0.B,SRR28397244,PRJNA1090042
G2.REXP2.NS.Ctrl.T0.3um.B,G2.REXP2.NS.Ctrl.T0.B,SRR28397280,PRJNA1090042
G2.REXP2.NS.Ctrl.T96.0_2um.A,G2.REXP2.NS.Ctrl.T96.A,SRR28397279,PRJNA1090042
G2.REXP2.NS.Ctrl.T96.3um.A,G2.REXP2.NS.Ctrl.T96.A,SRR28397276,PRJNA1090042
G2.REXP2.NS.Ctrl.T96.0_2um.B,G2.REXP2.NS.Ctrl.T96.B,SRR28397278,PRJNA1090042
G2.REXP2.NS.Ctrl.T96.3um.B,G2.REXP2.NS.Ctrl.T96.B,SRR28397275,PRJNA1090042
G2.REXP2.NS.Ctrl.T96.0_2um.C,G2.REXP2.NS.Ctrl.T96.C,SRR28397277,PRJNA1090042
G2.REXP2.NS.Ctrl.T96.3um.C,G2.REXP2.NS.Ctrl.T96.C,SRR28397274,PRJNA1090042
G2.REXP2.NS.Fe.T96.0_2um.B,G2.REXP2.NS.Fe.T96.B,SRR28397272,PRJNA1090042
G2.REXP2.NS.Fe.T96.3um.B,G2.REXP2.NS.Fe.T96.B,SRR28397269,PRJNA1090042
G2.REXP2.NS.Fe.T96.0_2um.C,G2.REXP2.NS.Fe.T96.C,SRR28397271,PRJNA1090042
G2.REXP2.NS.Fe.T96.3um.C,G2.REXP2.NS.Fe.T96.C,SRR28397268,PRJNA1090042
G2.REXP2.NS.NP.T96.0_2um.A,G2.REXP2.NS.NP.T96.A,SRR28397267,PRJNA1090042
G2.REXP2.NS.NP.T96.3um.A,G2.REXP2.NS.NP.T96.A,SRR28397264,PRJNA1090042
G2.REXP2.NS.NP.T96.0_2um.B,G2.REXP2.NS.NP.T96.B,SRR28397266,PRJNA1090042
G2.REXP2.NS.NP.T96.3um.B,G2.REXP2.NS.NP.T96.B,SRR28397263,PRJNA1090042
G2.REXP2.NS.NP.T96.0_2um.C,G2.REXP2.NS.NP.T96.C,SRR28397265,PRJNA1090042
G2.REXP2.NS.NP.T96.3um.C,G2.REXP2.NS.NP.T96.C,SRR28397242,PRJNA1090042
G2.REXP2.NS.NPFe.T96.0_2um.A,G2.REXP2.NS.NPFe.T96.A,SRR28397241,PRJNA1090042
G2.REXP2.NS.NPFe.T96.3um.A,G2.REXP2.NS.NPFe.T96.A,SRR28397237,PRJNA1090042
G2.REXP2.NS.NPFe.T96.0_2um.B,G2.REXP2.NS.NPFe.T96.B,SRR28397240,PRJNA1090042
G2.REXP2.NS.NPFe.T96.3um.B,G2.REXP2.NS.NPFe.T96.B,SRR28397236,PRJNA1090042
G2.REXP2.NS.NPFe.T96.0_2um.C,G2.REXP2.NS.NPFe.T96.C,SRR28397238,PRJNA1090042
G2.REXP2.NS.NPFe.T96.3um.C,G2.REXP2.NS.NPFe.T96.C,SRR28397235,PRJNA1090042
G2.REXP3.NS.Ctrl.T96.0_2um.B,G2.REXP3.NS.Ctrl.T96.B,SRR28397233,PRJNA1090042
G2.REXP3.NS.Ctrl.T96.3um.B,G2.REXP3.NS.Ctrl.T96.B,SRR28397232,PRJNA1090042
G2.REXP3.NS.HiNP.T96.0_2um.A,G2.REXP3.NS.HiNP.T96.A,SRR28397231,PRJNA1090042
G2.REXP3.NS.HiNP.T96.3um.A,G2.REXP3.NS.HiNP.T96.A,SRR28397227,PRJNA1090042
G2.REXP3.NS.HiNP.T96.0_2um.B,G2.REXP3.NS.HiNP.T96.B,SRR28397230,PRJNA1090042
G2.REXP3.NS.HiNP.T96.3um.B,G2.REXP3.NS.HiNP.T96.B,SRR28397226,PRJNA1090042
G2.REXP3.NS.HiNP.T96.0_2um.C,G2.REXP3.NS.HiNP.T96.C,SRR28397229,PRJNA1090042
G2.REXP3.NS.HiNP.T96.3um.C,G2.REXP3.NS.HiNP.T96.C,SRR28397225,PRJNA1090042
G2.REXP3.NS.LoNP.T96.0_2um.A,G2.REXP3.NS.LoNP.T96.A,SRR28397224,PRJNA1090042
G2.REXP3.NS.LoNP.T96.3um.A,G2.REXP3.NS.LoNP.T96.A,SRR28397222,PRJNA1090042
G2.REXP3.NS.LoNP.T96.0_2um.C,G2.REXP3.NS.LoNP.T96.C,SRR28397223,PRJNA1090042
G2.REXP3.NS.LoNP.T96.3um.C,G2.REXP3.NS.LoNP.T96.C,SRR28397220,PRJNA1090042
G2.REXP3.NS.NPFe.T96.0_2um.A,G2.REXP3.NS.NPFe.T96.A,SRR28397219,PRJNA1090042
G2.REXP3.NS.NPFe.T96.3um.A,G2.REXP3.NS.NPFe.T96.A,SRR28397215,PRJNA1090042
G2.REXP3.NS.NPFe.T96.0_2um.B,G2.REXP3.NS.NPFe.T96.B,SRR28397218,PRJNA1090042
G2.REXP3.NS.NPFe.T96.3um.B,G2.REXP3.NS.NPFe.T96.B,SRR28397214,PRJNA1090042
G2.REXP3.NS.NPFe.T96.0_2um.C,G2.REXP3.NS.NPFe.T96.C,SRR28397216,PRJNA1090042
G2.REXP3.NS.NPFe.T96.3um.C,G2.REXP3.NS.NPFe.T96.C,SRR28397213,PRJNA1090042
G2.SURF.NS.S02C1.15m.0_2um.A,G2.SURF.NS.S02C1.15m.A,SRR18394802,PRJNA816919
G2.SURF.NS.S02C1.15m.0_2um.A,G2.SURF.NS.S02C1.15m.A,SRR18394803,PRJNA816919
G2.SURF.NS.S02C1.15m.3um.A,G2.SURF.NS.S02C1.15m.A,SRR18394731,PRJNA816919
G2.SURF.NS.S02C1.15m.3um.A,G2.SURF.NS.S02C1.15m.A,SRR18394733,PRJNA816919
G2.SURF.NS.S02C1.15m.0_2um.B,G2.SURF.NS.S02C1.15m.B,SRR18394799,PRJNA816919
G2.SURF.NS.S02C1.15m.0_2um.B,G2.SURF.NS.S02C1.15m.B,SRR18394814,PRJNA816919
G2.SURF.NS.S02C1.15m.3um.B,G2.SURF.NS.S02C1.15m.B,SRR18394838,PRJNA816919
G2.SURF.NS.S02C1.15m.3um.B,G2.SURF.NS.S02C1.15m.B,SRR18394840,PRJNA816919
G2.SURF.NS.S02C1.15m.0_2um.C,G2.SURF.NS.S02C1.15m.C,SRR18394728,PRJNA816919
G2.SURF.NS.S02C1.15m.0_2um.C,G2.SURF.NS.S02C1.15m.C,SRR18394738,PRJNA816919
G2.SURF.NS.S02C1.15m.3um.C,G2.SURF.NS.S02C1.15m.C,SRR18394770,PRJNA816919
G2.SURF.NS.S02C1.15m.3um.C,G2.SURF.NS.S02C1.15m.C,SRR18394771,PRJNA816919
G2.SURF.NS.S05C1.15m.0_2um.A,G2.SURF.NS.S05C1.15m.A,SRR18394795,PRJNA816919
G2.SURF.NS.S05C1.15m.0_2um.A,G2.SURF.NS.S05C1.15m.A,SRR18394796,PRJNA816919
G2.SURF.NS.S05C1.15m.3um.A,G2.SURF.NS.S05C1.15m.A,SRR18394768,PRJNA816919
G2.SURF.NS.S05C1.15m.3um.A,G2.SURF.NS.S05C1.15m.A,SRR18394769,PRJNA816919
G2.SURF.NS.S05C1.15m.0_2um.B,G2.SURF.NS.S05C1.15m.B,SRR18394749,PRJNA816919
G2.SURF.NS.S05C1.15m.0_2um.B,G2.SURF.NS.S05C1.15m.B,SRR18394761,PRJNA816919
G2.SURF.NS.S05C1.15m.3um.B,G2.SURF.NS.S05C1.15m.B,SRR18394832,PRJNA816919
G2.SURF.NS.S05C1.15m.3um.B,G2.SURF.NS.S05C1.15m.B,SRR18394833,PRJNA816919
G2.SURF.NS.S05C1.15m.0_2um.C,G2.SURF.NS.S05C1.15m.C,SRR18394829,PRJNA816919
G2.SURF.NS.S05C1.15m.0_2um.C,G2.SURF.NS.S05C1.15m.C,SRR18394830,PRJNA816919
G2.SURF.NS.S05C1.15m.3um.C,G2.SURF.NS.S05C1.15m.C,SRR18394805,PRJNA816919
G2.SURF.NS.S05C1.15m.3um.C,G2.SURF.NS.S05C1.15m.C,SRR18394807,PRJNA816919
G2.SURF.NS.S06C1.15m.0_2um.A,G2.SURF.NS.S06C1.15m.A,SRR18394745,PRJNA816919
G2.SURF.NS.S06C1.15m.0_2um.A,G2.SURF.NS.S06C1.15m.A,SRR18394746,PRJNA816919
G2.SURF.NS.S06C1.15m.3um.A,G2.SURF.NS.S06C1.15m.A,SRR18394750,PRJNA816919
G2.SURF.NS.S06C1.15m.3um.A,G2.SURF.NS.S06C1.15m.A,SRR18394752,PRJNA816919
G2.SURF.NS.S06C1.15m.0_2um.B,G2.SURF.NS.S06C1.15m.B,SRR18394825,PRJNA816919
G2.SURF.NS.S06C1.15m.0_2um.B,G2.SURF.NS.S06C1.15m.B,SRR18394826,PRJNA816919
G2.SURF.NS.S06C1.15m.3um.B,G2.SURF.NS.S06C1.15m.B,SRR18394831,PRJNA816919
G2.SURF.NS.S06C1.15m.3um.B,G2.SURF.NS.S06C1.15m.B,SRR18394842,PRJNA816919
G2.SURF.NS.S06C1.15m.0_2um.C,G2.SURF.NS.S06C1.15m.C,SRR18394792,PRJNA816919
G2.SURF.NS.S06C1.15m.0_2um.C,G2.SURF.NS.S06C1.15m.C,SRR18394793,PRJNA816919
G2.SURF.NS.S06C1.15m.3um.C,G2.SURF.NS.S06C1.15m.C,SRR18394729,PRJNA816919
G2.SURF.NS.S06C1.15m.3um.C,G2.SURF.NS.S06C1.15m.C,SRR18394741,PRJNA816919
G2.SURF.NS.S07C1.15m.0_2um.A,G2.SURF.NS.S07C1.15m.A,SRR18394812,PRJNA816919
G2.SURF.NS.S07C1.15m.0_2um.A,G2.SURF.NS.S07C1.15m.A,SRR18394813,PRJNA816919
G2.SURF.NS.S07C1.15m.3um.A,G2.SURF.NS.S07C1.15m.A,SRR18394743,PRJNA816919
G2.SURF.NS.S07C1.15m.3um.A,G2.SURF.NS.S07C1.15m.A,SRR18394744,PRJNA816919
G2.SURF.NS.S07C1.15m.0_2um.B,G2.SURF.NS.S07C1.15m.B,SRR18394732,PRJNA816919
G2.SURF.NS.S07C1.15m.0_2um.B,G2.SURF.NS.S07C1.15m.B,SRR18394734,PRJNA816919
G2.SURF.NS.S07C1.15m.3um.B,G2.SURF.NS.S07C1.15m.B,SRR18394808,PRJNA816919
G2.SURF.NS.S07C1.15m.3um.B,G2.SURF.NS.S07C1.15m.B,SRR18394810,PRJNA816919
G2.SURF.NS.S07C1.15m.0_2um.C,G2.SURF.NS.S07C1.15m.C,SRR18394804,PRJNA816919
G2.SURF.NS.S07C1.15m.0_2um.C,G2.SURF.NS.S07C1.15m.C,SRR18394806,PRJNA816919
G2.SURF.NS.S07C1.15m.3um.C,G2.SURF.NS.S07C1.15m.C,SRR18394747,PRJNA816919
G2.SURF.NS.S07C1.15m.3um.C,G2.SURF.NS.S07C1.15m.C,SRR18394748,PRJNA816919
G2.SURF.NS.S09C1.15m.0_2um.A,G2.SURF.NS.S09C1.15m.A,SRR18394817,PRJNA816919
G2.SURF.NS.S09C1.15m.0_2um.A,G2.SURF.NS.S09C1.15m.A,SRR18394818,PRJNA816919
G2.SURF.NS.S09C1.15m.3um.A,G2.SURF.NS.S09C1.15m.A,SRR18394773,PRJNA816919
G2.SURF.NS.S09C1.15m.3um.A,G2.SURF.NS.S09C1.15m.A,SRR18394775,PRJNA816919
G2.SURF.NS.S09C1.15m.0_2um.B,G2.SURF.NS.S09C1.15m.B,SRR18394809,PRJNA816919
G2.SURF.NS.S09C1.15m.0_2um.B,G2.SURF.NS.S09C1.15m.B,SRR18394811,PRJNA816919
G2.SURF.NS.S09C1.15m.3um.B,G2.SURF.NS.S09C1.15m.B,SRR18394819,PRJNA816919
G2.SURF.NS.S09C1.15m.3um.B,G2.SURF.NS.S09C1.15m.B,SRR18394841,PRJNA816919
G2.SURF.NS.S09C1.15m.0_2um.C,G2.SURF.NS.S09C1.15m.C,SRR18394786,PRJNA816919
G2.SURF.NS.S09C1.15m.0_2um.C,G2.SURF.NS.S09C1.15m.C,SRR18394787,PRJNA816919
G2.SURF.NS.S09C1.15m.3um.C,G2.SURF.NS.S09C1.15m.C,SRR18394772,PRJNA816919
G2.SURF.NS.S09C1.15m.3um.C,G2.SURF.NS.S09C1.15m.C,SRR18394781,PRJNA816919
G2.SURF.NS.S11C1.15m.0_2um.A,G2.SURF.NS.S11C1.15m.A,SRR18394740,PRJNA816919
G2.SURF.NS.S11C1.15m.0_2um.A,G2.SURF.NS.S11C1.15m.A,SRR18394751,PRJNA816919
G2.SURF.NS.S11C1.15m.3um.A,G2.SURF.NS.S11C1.15m.A,SRR18394783,PRJNA816919
G2.SURF.NS.S11C1.15m.3um.A,G2.SURF.NS.S11C1.15m.A,SRR18394794,PRJNA816919
G2.SURF.NS.S11C1.15m.0_2um.B,G2.SURF.NS.S11C1.15m.B,SRR18394790,PRJNA816919
G2.SURF.NS.S11C1.15m.0_2um.B,G2.SURF.NS.S11C1.15m.B,SRR18394791,PRJNA816919
G2.SURF.NS.S11C1.15m.3um.B,G2.SURF.NS.S11C1.15m.B,SRR18394797,PRJNA816919
G2.SURF.NS.S11C1.15m.3um.B,G2.SURF.NS.S11C1.15m.B,SRR18394798,PRJNA816919
G2.SURF.NS.S11C1.15m.0_2um.C,G2.SURF.NS.S11C1.15m.C,SRR18394767,PRJNA816919
G2.SURF.NS.S11C1.15m.0_2um.C,G2.SURF.NS.S11C1.15m.C,SRR18394843,PRJNA816919
G2.SURF.NS.S11C1.15m.3um.C,G2.SURF.NS.S11C1.15m.C,SRR18394815,PRJNA816919
G2.SURF.NS.S11C1.15m.3um.C,G2.SURF.NS.S11C1.15m.C,SRR18394816,PRJNA816919
G2.SURF.NS.S15C1.15m.0_2um.A,G2.SURF.NS.S15C1.15m.A,SRR18394762,PRJNA816919
G2.SURF.NS.S15C1.15m.0_2um.A,G2.SURF.NS.S15C1.15m.A,SRR18394763,PRJNA816919
G2.SURF.NS.S15C1.15m.3um.A,G2.SURF.NS.S15C1.15m.A,SRR18394764,PRJNA816919
G2.SURF.NS.S15C1.15m.3um.A,G2.SURF.NS.S15C1.15m.A,SRR18394765,PRJNA816919
G2.SURF.NS.S15C1.15m.0_2um.B,G2.SURF.NS.S15C1.15m.B,SRR18394730,PRJNA816919
G2.SURF.NS.S15C1.15m.0_2um.B,G2.SURF.NS.S15C1.15m.B,SRR18394835,PRJNA816919
G2.SURF.NS.S15C1.15m.3um.B,G2.SURF.NS.S15C1.15m.B,SRR18394777,PRJNA816919
G2.SURF.NS.S15C1.15m.3um.B,G2.SURF.NS.S15C1.15m.B,SRR18394778,PRJNA816919
G2.SURF.NS.S15C1.15m.0_2um.C,G2.SURF.NS.S15C1.15m.C,SRR18394821,PRJNA816919
G2.SURF.NS.S15C1.15m.0_2um.C,G2.SURF.NS.S15C1.15m.C,SRR18394822,PRJNA816919
G2.SURF.NS.S15C1.15m.3um.C,G2.SURF.NS.S15C1.15m.C,SRR18394776,PRJNA816919
G2.SURF.NS.S15C1.15m.3um.C,G2.SURF.NS.S15C1.15m.C,SRR18394789,PRJNA816919
G2.SURF.NS.S16C1.15m.0_2um.A,G2.SURF.NS.S16C1.15m.A,SRR18394758,PRJNA816919
G2.SURF.NS.S16C1.15m.0_2um.A,G2.SURF.NS.S16C1.15m.A,SRR18394759,PRJNA816919
G2.SURF.NS.S16C1.15m.3um.A,G2.SURF.NS.S16C1.15m.A,SRR18394735,PRJNA816919
G2.SURF.NS.S16C1.15m.3um.A,G2.SURF.NS.S16C1.15m.A,SRR18394736,PRJNA816919
G2.SURF.NS.S16C1.15m.0_2um.B,G2.SURF.NS.S16C1.15m.B,SRR18394726,PRJNA816919
G2.SURF.NS.S16C1.15m.0_2um.B,G2.SURF.NS.S16C1.15m.B,SRR18394737,PRJNA816919
G2.SURF.NS.S16C1.15m.3um.B,G2.SURF.NS.S16C1.15m.B,SRR18394837,PRJNA816919
G2.SURF.NS.S16C1.15m.3um.B,G2.SURF.NS.S16C1.15m.B,SRR18394839,PRJNA816919
G2.SURF.NS.S16C1.15m.0_2um.C,G2.SURF.NS.S16C1.15m.C,SRR18394739,PRJNA816919
G2.SURF.NS.S16C1.15m.0_2um.C,G2.SURF.NS.S16C1.15m.C,SRR18394742,PRJNA816919
G2.SURF.NS.S16C1.15m.3um.C,G2.SURF.NS.S16C1.15m.C,SRR18394785,PRJNA816919
G2.SURF.NS.S16C1.15m.3um.C,G2.SURF.NS.S16C1.15m.C,SRR18394788,PRJNA816919
G2.SURF.NS.S17C1.15m.0_2um.A,G2.SURF.NS.S17C1.15m.A,SRR18394827,PRJNA816919
G2.SURF.NS.S17C1.15m.0_2um.A,G2.SURF.NS.S17C1.15m.A,SRR18394828,PRJNA816919
G2.SURF.NS.S17C1.15m.3um.A,G2.SURF.NS.S17C1.15m.A,SRR18394724,PRJNA816919
G2.SURF.NS.S17C1.15m.3um.A,G2.SURF.NS.S17C1.15m.A,SRR18394725,PRJNA816919
G2.SURF.NS.S17C1.15m.0_2um.B,G2.SURF.NS.S17C1.15m.B,SRR18394760,PRJNA816919
G2.SURF.NS.S17C1.15m.0_2um.B,G2.SURF.NS.S17C1.15m.B,SRR18394774,PRJNA816919
G2.SURF.NS.S17C1.15m.3um.B,G2.SURF.NS.S17C1.15m.B,SRR18394779,PRJNA816919
G2.SURF.NS.S17C1.15m.3um.B,G2.SURF.NS.S17C1.15m.B,SRR18394780,PRJNA816919
G2.SURF.NS.S17C1.15m.0_2um.C,G2.SURF.NS.S17C1.15m.C,SRR18394782,PRJNA816919
G2.SURF.NS.S17C1.15m.0_2um.C,G2.SURF.NS.S17C1.15m.C,SRR18394784,PRJNA816919
G2.SURF.NS.S17C1.15m.3um.C,G2.SURF.NS.S17C1.15m.C,SRR18394755,PRJNA816919
G2.SURF.NS.S17C1.15m.3um.C,G2.SURF.NS.S17C1.15m.C,SRR18394766,PRJNA816919
G2.SURF.NS.S18C1.15m.0_2um.A,G2.SURF.NS.S18C1.15m.A,SRR18394823,PRJNA816919
G2.SURF.NS.S18C1.15m.0_2um.A,G2.SURF.NS.S18C1.15m.A,SRR18394836,PRJNA816919
G2.SURF.NS.S18C1.15m.3um.A,G2.SURF.NS.S18C1.15m.A,SRR18394820,PRJNA816919
G2.SURF.NS.S18C1.15m.3um.A,G2.SURF.NS.S18C1.15m.A,SRR18394824,PRJNA816919
G2.SURF.NS.S18C1.15m.0_2um.B,G2.SURF.NS.S18C1.15m.B,SRR18394800,PRJNA816919
G2.SURF.NS.S18C1.15m.0_2um.B,G2.SURF.NS.S18C1.15m.B,SRR18394801,PRJNA816919
G2.SURF.NS.S18C1.15m.3um.B,G2.SURF.NS.S18C1.15m.B,SRR18394727,PRJNA816919
G2.SURF.NS.S18C1.15m.3um.B,G2.SURF.NS.S18C1.15m.B,SRR18394834,PRJNA816919
G2.SURF.NS.S18C1.15m.0_2um.C,G2.SURF.NS.S18C1.15m.C,SRR18394753,PRJNA816919
G2.SURF.NS.S18C1.15m.0_2um.C,G2.SURF.NS.S18C1.15m.C,SRR18394754,PRJNA816919
G2.SURF.NS.S18C1.15m.3um.C,G2.SURF.NS.S18C1.15m.C,SRR18394756,PRJNA816919
G2.SURF.NS.S18C1.15m.3um.C,G2.SURF.NS.S18C1.15m.C,SRR18394757,PRJNA816919
G3.DEPTH.NS.S4C6.15m.0_2um.A,G3.DEPTH.NS.S4C6.15m.A,SRR28409863,PRJNA1090467
G3.DEPTH.NS.S4C6.15m.0_2um.B,G3.DEPTH.NS.S4C6.15m.B,SRR28409862,PRJNA1090467
G3.DEPTH.NS.S4C6.50m.0_2um.A,G3.DEPTH.NS.S4C6.50m.A,SRR28409851,PRJNA1090467
G3.DEPTH.NS.S4C6.50m.0_2um.B,G3.DEPTH.NS.S4C6.50m.B,SRR28409848,PRJNA1090467
G3.DEPTH.NS.S4C6.75m.0_2um.B,G3.DEPTH.NS.S4C6.75m.B,SRR28409847,PRJNA1090467
G3.DEPTH.NS.S5C8.125m.0_2um.A,G3.DEPTH.NS.S5C8.125m.A,SRR28409842,PRJNA1090467
G3.DEPTH.NS.S5C8.125m.0_2um.B,G3.DEPTH.NS.S5C8.125m.B,SRR28409861,PRJNA1090467
G3.DEPTH.NS.S5C8.15m.0_2um.A,G3.DEPTH.NS.S5C8.15m.A,SRR28409846,PRJNA1090467
G3.DEPTH.NS.S5C8.15m.0_2um.B,G3.DEPTH.NS.S5C8.15m.B,SRR28409845,PRJNA1090467
G3.DEPTH.NS.S5C8.55m.0_2um.A,G3.DEPTH.NS.S5C8.55m.A,SRR28409844,PRJNA1090467
G3.DEPTH.NS.S5C8.55m.0_2um.B,G3.DEPTH.NS.S5C8.55m.B,SRR28409843,PRJNA1090467
G3.DEPTH.NS.S6C7.130m.0_2um.B,G3.DEPTH.NS.S6C7.130m.B,SRR28409856,PRJNA1090467
G3.DEPTH.NS.S6C7.15m.0_2um.A,G3.DEPTH.NS.S6C7.15m.A,SRR28409860,PRJNA1090467
G3.DEPTH.NS.S6C7.15m.0_2um.B,G3.DEPTH.NS.S6C7.15m.B,SRR28409859,PRJNA1090467
G3.DEPTH.NS.S6C7.75m.0_2um.A,G3.DEPTH.NS.S6C7.75m.A,SRR28409858,PRJNA1090467
G3.DEPTH.NS.S6C7.75m.0_2um.B,G3.DEPTH.NS.S6C7.75m.B,SRR28409857,PRJNA1090467
G3.DEPTH.NS.S8C2.15m.0_2um.A,G3.DEPTH.NS.S8C2.15m.A,SRR28409855,PRJNA1090467
G3.DEPTH.NS.S8C2.15m.0_2um.B,G3.DEPTH.NS.S8C2.15m.B,SRR28409854,PRJNA1090467
G3.DEPTH.NS.S8C2.41m.0_2um.A,G3.DEPTH.NS.S8C2.41m.A,SRR28409853,PRJNA1090467
G3.DEPTH.NS.S8C2.41m.0_2um.B,G3.DEPTH.NS.S8C2.41m.B,SRR28409852,PRJNA1090467
G3.DEPTH.NS.S8C2.75m.0_2um.A,G3.DEPTH.NS.S8C2.75m.A,SRR28409850,PRJNA1090467
G3.DEPTH.NS.S8C2.75m.0_2um.B,G3.DEPTH.NS.S8C2.75m.B,SRR28409849,PRJNA1090467
G3.DIEL.NS.S4C11.15m.0_2um.A,G3.DIEL.NS.S4C11.15m.A,SRR28418998,PRJNA1090899
G3.DIEL.NS.S4C11.15m.0_2um.B,G3.DIEL.NS.S4C11.15m.B,SRR28418997,PRJNA1090899
G3.DIEL.NS.S4C11.15m.0_2um.C,G3.DIEL.NS.S4C11.15m.C,SRR28418996,PRJNA1090899
G3.DIEL.NS.S4C13.15m.0_2um.A,G3.DIEL.NS.S4C13.15m.A,SRR28418995,PRJNA1090899
G3.DIEL.NS.S4C13.15m.0_2um.B,G3.DIEL.NS.S4C13.15m.B,SRR28418994,PRJNA1090899
G3.DIEL.NS.S4C13.15m.0_2um.C,G3.DIEL.NS.S4C13.15m.C,SRR28418993,PRJNA1090899
G3.DIEL.NS.S4C15.15m.0_2um.A,G3.DIEL.NS.S4C15.15m.A,SRR28418992,PRJNA1090899
G3.DIEL.NS.S4C15.15m.0_2um.B,G3.DIEL.NS.S4C15.15m.B,SRR28418991,PRJNA1090899
G3.DIEL.NS.S4C15.15m.0_2um.C,G3.DIEL.NS.S4C15.15m.C,SRR28418990,PRJNA1090899
G3.DIEL.NS.S4C16.15m.0_2um.B,G3.DIEL.NS.S4C16.15m.B,SRR28418988,PRJNA1090899
G3.DIEL.NS.S4C16.15m.0_2um.C,G3.DIEL.NS.S4C16.15m.C,SRR28418987,PRJNA1090899
G3.DIEL.NS.S4C18.15m.0_2um.A,G3.DIEL.NS.S4C18.15m.A,SRR28418986,PRJNA1090899
G3.DIEL.NS.S4C18.15m.0_2um.B,G3.DIEL.NS.S4C18.15m.B,SRR28418973,PRJNA1090899
G3.DIEL.NS.S4C18.15m.0_2um.C,G3.DIEL.NS.S4C18.15m.C,SRR28418972,PRJNA1090899
G3.DIEL.NS.S4C19.15m.0_2um.A,G3.DIEL.NS.S4C19.15m.A,SRR28418971,PRJNA1090899
G3.DIEL.NS.S4C19.15m.0_2um.B,G3.DIEL.NS.S4C19.15m.B,SRR28418970,PRJNA1090899
G3.DIEL.NS.S4C19.15m.0_2um.C,G3.DIEL.NS.S4C19.15m.C,SRR28418969,PRJNA1090899
G3.DIEL.NS.S4C21.15m.0_2um.A,G3.DIEL.NS.S4C21.15m.A,SRR28418968,PRJNA1090899
G3.DIEL.NS.S4C21.15m.0_2um.B,G3.DIEL.NS.S4C21.15m.B,SRR28418967,PRJNA1090899
G3.DIEL.NS.S4C21.15m.0_2um.C,G3.DIEL.NS.S4C21.15m.C,SRR28418965,PRJNA1090899
G3.DIEL.NS.S4C23.15m.0_2um.A,G3.DIEL.NS.S4C23.15m.A,SRR28418964,PRJNA1090899
G3.DIEL.NS.S4C23.15m.0_2um.C,G3.DIEL.NS.S4C23.15m.C,SRR28418963,PRJNA1090899
G3.DIEL.NS.S4C25.15m.0_2um.A,G3.DIEL.NS.S4C25.15m.A,SRR28418962,PRJNA1090899
G3.DIEL.NS.S4C25.15m.0_2um.B,G3.DIEL.NS.S4C25.15m.B,SRR28418961,PRJNA1090899
G3.DIEL.NS.S4C28.15m.0_2um.A,G3.DIEL.NS.S4C28.15m.A,SRR28418960,PRJNA1090899
G3.DIEL.NS.S4C28.15m.0_2um.B,G3.DIEL.NS.S4C28.15m.B,SRR28418959,PRJNA1090899
G3.DIEL.NS.S4C28.15m.0_2um.C,G3.DIEL.NS.S4C28.15m.C,SRR28418958,PRJNA1090899
G3.DIEL.NS.S4C3.15m.0_2um.A,G3.DIEL.NS.S4C3.15m.A,SRR28419001,PRJNA1090899
G3.DIEL.NS.S4C3.15m.0_2um.B,G3.DIEL.NS.S4C3.15m.B,SRR28419000,PRJNA1090899
G3.DIEL.NS.S4C3.15m.0_2um.C,G3.DIEL.NS.S4C3.15m.C,SRR28418989,PRJNA1090899
G3.DIEL.NS.S4C30.15m.0_2um.A,G3.DIEL.NS.S4C30.15m.A,SRR28418985,PRJNA1090899
G3.DIEL.NS.S4C30.15m.0_2um.B,G3.DIEL.NS.S4C30.15m.B,SRR28418984,PRJNA1090899
G3.DIEL.NS.S4C30.15m.0_2um.C,G3.DIEL.NS.S4C30.15m.C,SRR28418982,PRJNA1090899
G3.DIEL.NS.S4C31.15m.0_2um.A,G3.DIEL.NS.S4C31.15m.A,SRR28418981,PRJNA1090899
G3.DIEL.NS.S4C31.15m.0_2um.B,G3.DIEL.NS.S4C31.15m.B,SRR28418980,PRJNA1090899
G3.DIEL.NS.S4C31.15m.0_2um.C,G3.DIEL.NS.S4C31.15m.C,SRR28418979,PRJNA1090899
G3.DIEL.NS.S4C4.15m.0_2um.A,G3.DIEL.NS.S4C4.15m.A,SRR28418966,PRJNA1090899
G3.DIEL.NS.S4C4.15m.0_2um.B,G3.DIEL.NS.S4C4.15m.B,SRR28418983,PRJNA1090899
G3.DIEL.NS.S4C4.15m.0_2um.C,G3.DIEL.NS.S4C4.15m.C,SRR28418978,PRJNA1090899
G3.DIEL.NS.S4C7.15m.0_2um.B,G3.DIEL.NS.S4C7.15m.B,SRR28418977,PRJNA1090899
G3.DIEL.NS.S4C7.15m.0_2um.C,G3.DIEL.NS.S4C7.15m.C,SRR28418976,PRJNA1090899
G3.DIEL.NS.S4C8.15m.0_2um.A,G3.DIEL.NS.S4C8.15m.A,SRR28418975,PRJNA1090899
G3.DIEL.NS.S4C8.15m.0_2um.B,G3.DIEL.NS.S4C8.15m.B,SRR28418974,PRJNA1090899
G3.DIEL.NS.S4C8.15m.0_2um.C,G3.DIEL.NS.S4C8.15m.C,SRR28418999,PRJNA1090899
G3.UW.NS.UW25_1.7m.0_2um.A,G3.UW.NS.UW25_1.7m.A,SRR28431440,PRJNA1091352
G3.UW.NS.UW25_1.7m.3um.A,G3.UW.NS.UW25_1.7m.A,SRR28431452,PRJNA1091352
G3.UW.NS.UW25_1.7m.0_2um.B,G3.UW.NS.UW25_1.7m.B,SRR28431429,PRJNA1091352
G3.UW.NS.UW25_1.7m.3um.B,G3.UW.NS.UW25_1.7m.B,SRR28431451,PRJNA1091352
G3.UW.NS.UW29_1.7m.0_2um.B,G3.UW.NS.UW29_1.7m.B,SRR28431407,PRJNA1091352
G3.UW.NS.UW29_1.7m.3um.B,G3.UW.NS.UW29_1.7m.B,SRR28431418,PRJNA1091352
G3.UW.NS.UW32_1.7m.0_2um.A,G3.UW.NS.UW32_1.7m.A,SRR28431402,PRJNA1091352
G3.UW.NS.UW32_1.7m.3um.A,G3.UW.NS.UW32_1.7m.A,SRR28431403,PRJNA1091352
G3.UW.NS.UW32_3.7m.0_2um.A,G3.UW.NS.UW32_3.7m.A,SRR28431427,PRJNA1091352
G3.UW.NS.UW32_3.7m.3um.A,G3.UW.NS.UW32_3.7m.A,SRR28431431,PRJNA1091352
G3.UW.NS.UW32_3.7m.0_2um.B,G3.UW.NS.UW32_3.7m.B,SRR28431426,PRJNA1091352
G3.UW.NS.UW32_3.7m.3um.B,G3.UW.NS.UW32_3.7m.B,SRR28431430,PRJNA1091352
G3.UW.NS.UW32_3.7m.0_2um.C,G3.UW.NS.UW32_3.7m.C,SRR28431425,PRJNA1091352
G3.UW.NS.UW32_3.7m.3um.C,G3.UW.NS.UW32_3.7m.C,SRR28431428,PRJNA1091352
G3.UW.NS.UW35_1.7m.0_2um.A,G3.UW.NS.UW35_1.7m.A,SRR28431447,PRJNA1091352
G3.UW.NS.UW35_1.7m.3um.A,G3.UW.NS.UW35_1.7m.A,SRR28431450,PRJNA1091352
G3.UW.NS.UW35_1.7m.0_2um.B,G3.UW.NS.UW35_1.7m.B,SRR28431446,PRJNA1091352
G3.UW.NS.UW35_1.7m.3um.B,G3.UW.NS.UW35_1.7m.B,SRR28431449,PRJNA1091352
G3.UW.NS.UW35_1.7m.0_2um.C,G3.UW.NS.UW35_1.7m.C,SRR28431445,PRJNA1091352
G3.UW.NS.UW35_1.7m.3um.C,G3.UW.NS.UW35_1.7m.C,SRR28431448,PRJNA1091352
G3.UW.NS.UW35_2.7m.0_2um.A,G3.UW.NS.UW35_2.7m.A,SRR28431408,PRJNA1091352
G3.UW.NS.UW35_2.7m.3um.A,G3.UW.NS.UW35_2.7m.A,SRR28431411,PRJNA1091352
G3.UW.NS.UW35_2.7m.0_2um.B,G3.UW.NS.UW35_2.7m.B,SRR28431406,PRJNA1091352
G3.UW.NS.UW35_2.7m.3um.B,G3.UW.NS.UW35_2.7m.B,SRR28431410,PRJNA1091352
G3.UW.NS.UW35_2.7m.0_2um.C,G3.UW.NS.UW35_2.7m.C,SRR28431405,PRJNA1091352
G3.UW.NS.UW35_2.7m.3um.C,G3.UW.NS.UW35_2.7m.C,SRR28431409,PRJNA1091352
G3.UW.NS.UW37_1.7m.0_2um.A,G3.UW.NS.UW37_1.7m.A,SRR28431434,PRJNA1091352
G3.UW.NS.UW37_1.7m.3um.A,G3.UW.NS.UW37_1.7m.A,SRR28431437,PRJNA1091352
G3.UW.NS.UW37_1.7m.0_2um.B,G3.UW.NS.UW37_1.7m.B,SRR28431433,PRJNA1091352
G3.UW.NS.UW37_1.7m.3um.B,G3.UW.NS.UW37_1.7m.B,SRR28431436,PRJNA1091352
G3.UW.NS.UW37_1.7m.0_2um.C,G3.UW.NS.UW37_1.7m.C,SRR28431432,PRJNA1091352
G3.UW.NS.UW37_1.7m.3um.C,G3.UW.NS.UW37_1.7m.C,SRR28431435,PRJNA1091352
G3.UW.NS.UW38_1.7m.0_2um.A,G3.UW.NS.UW38_1.7m.A,SRR28431441,PRJNA1091352
G3.UW.NS.UW38_1.7m.3um.A,G3.UW.NS.UW38_1.7m.A,SRR28431444,PRJNA1091352
G3.UW.NS.UW38_1.7m.0_2um.B,G3.UW.NS.UW38_1.7m.B,SRR28431439,PRJNA1091352
G3.UW.NS.UW38_1.7m.3um.B,G3.UW.NS.UW38_1.7m.B,SRR28431443,PRJNA1091352
G3.UW.NS.UW38_1.7m.0_2um.C,G3.UW.NS.UW38_1.7m.C,SRR28431438,PRJNA1091352
G3.UW.NS.UW38_1.7m.3um.C,G3.UW.NS.UW38_1.7m.C,SRR28431442,PRJNA1091352
G3.UW.NS.UW40_1.7m.0_2um.A,G3.UW.NS.UW40_1.7m.A,SRR28431421,PRJNA1091352
G3.UW.NS.UW40_1.7m.3um.A,G3.UW.NS.UW40_1.7m.A,SRR28431424,PRJNA1091352
G3.UW.NS.UW40_1.7m.0_2um.B,G3.UW.NS.UW40_1.7m.B,SRR28431420,PRJNA1091352
G3.UW.NS.UW40_1.7m.3um.B,G3.UW.NS.UW40_1.7m.B,SRR28431423,PRJNA1091352
G3.UW.NS.UW40_1.7m.0_2um.C,G3.UW.NS.UW40_1.7m.C,SRR28431419,PRJNA1091352
G3.UW.NS.UW40_1.7m.3um.C,G3.UW.NS.UW40_1.7m.C,SRR28431422,PRJNA1091352
G3.UW.NS.UW40_2.7m.0_2um.A,G3.UW.NS.UW40_2.7m.A,SRR28431414,PRJNA1091352
G3.UW.NS.UW40_2.7m.3um.A,G3.UW.NS.UW40_2.7m.A,SRR28431417,PRJNA1091352
G3.UW.NS.UW40_2.7m.0_2um.B,G3.UW.NS.UW40_2.7m.B,SRR28431413,PRJNA1091352
G3.UW.NS.UW40_2.7m.3um.B,G3.UW.NS.UW40_2.7m.B,SRR28431416,PRJNA1091352
G3.UW.NS.UW40_2.7m.0_2um.C,G3.UW.NS.UW40_2.7m.C,SRR28431412,PRJNA1091352
G3.UW.NS.UW40_2.7m.3um.C,G3.UW.NS.UW40_2.7m.C,SRR28431415,PRJNA1091352